N,nome,exame,media,lab,nota
62506,Diogo Matos Novais,"15,8","15,8",20,18
62951,Rodrigo Fonseca Pereira Gomes,0,"15,85",20,18
62964,Martim Duarte Agostinho,0,"16,48",19,18
59789,Carlota Pires Alegria,0,"15,48","17,5",17
62894,Filipe Silva Cavalheiro,0,"16,28","17,3",17
62771,Luís Garcia Abrantes,0,"14,81",19,17
62854,Francisco Simões Coelho Sá da Costa,0,"13,74",18,16
59777,Bruno Fernandes da Cunha Semedo,"14,7","14,7",17,16
60799,Vasco Lemos Vieira Ferreira,0,"13,56",18,16
62988,Rodrigo Catapirra Simões,0,"12,54",20,16
63282,Raul Jose Mestre Dinis,0,"13,5",19,16
62632,Gonçalo Alexandre Coelho Moreira,0,"11,41","17,4",15
60729,Tomás de Matos Delgado Rodrigues Loureiro,0,"13,31","16,5",15
60804,Tiago Pinto Leite Barreiros,0,"13,1",16,15
63287,Rúben de Brito Sobreira Bomba,0,"12,14","17,2",15
61719,Pedro Miguel Toscano Carapinha,0,"9,79",19,15
60234,Ishan Suresh Dhirajlal,0,"13,03",16,15
62791,Luís André de Jesus Oliveira,0,"12,92",17,15
62813,Gustavo Paixão Rodrigues Telhada,0,"12,91",17,15
62633,Júlio Alexandre Fernandes Lopes,0,"10,94",18,15
60765,Tiago José Van Leeuwen Cabrita,0,"11,12","17,5",14
63395,Samuel Loia Henriques,0,"12,17",15,14
60433,Pedro Mendonça Ferreira Dias Delgado,11,11,16,14
60520,Ricardo Manuel Rodrigues Jorge,0,"10,94","17,5",14
62884,Isaac Matos Furtado,"13,4","13,4",15,14
62809,Jorge Miguel Lopes Novais,0,"12,82",14,14
63452,Sidimohamed Ould Cheikh Brahim,0,"10,96",17,14
62455,Daniela Nunes Machado,0,"11,91",16,14
63034,Ricardo Filipe Rodrigues Guerra,0,"12,43",16,14
62548,Catarina Alexandra Prates Neto,0,"11,85",16,14
61061,André da Silva Júlio,0,"13,24",15,14
63068,Reinaldo António Ribeiro Cunha,0,"12,22",15,14
62410,Diogo Filipe Gordo Medeiros,0,"10,19","18,5",14
62429,Afonso Gonçalves Nóbrega,0,"11,9",14,14
63103,Rafael de Oliveira Raso Eulálio,0,"12,11",15,14
63273,Rodrigo Rodrigues da Fonseca,0,"11,6",16,14
63753,Marcos Vinicius Bonfim Romao,0,"14,74",13,14
58137,Rafael Alexandre da Conceição Pereira,0,"11,93",16,14
58023,Miguel Chen,0,"13,89",13,14
62630,Lourenço Nogueira de Sousa Marçal dos Reis,0,"11,73",15,13
57366,Maxim Petrea,"12,3","12,3",13,13
60417,Ricardo Bentes Amaral,"11,6","11,6",14,13
63284,Francisco Ramos Alves,0,"10,94",15,13
59813,Constança Gonçalves Lopes de Moura Rigueira,"11,4","11,4",14,13
62516,Diogo Guerra Ferreira Soares de Brito,0,"12,15","12,7",13
63355,Tiago Daniel Santos Gouveia,0,"13,84",13,13
62098,Cesar Morais Mariano,"13,5","13,5",12,13
63096,Manuel Reimão Fernandes,0,"11,28","14,5",13
62483,Diogo Miguel Ribeiro Lopes,"9,5","9,5",16,13
62457,Bruno Miguel Pereira Esteves,0,"12,09","12,9",13
63318,André Miguel Figueira Cardoso,"9,5","9,5",17,13
62413,Diogo Jorge Cachao Soares Ventura,0,"12,12",13,13
57063,Luís Vasco de Carvalho Chaves,0,"12,25",13,13
63235,Gonçalo Filipe Cabaço Santos,0,"10,72","14,6",13
60308,Francisco Dias Catarino,0,"10,51","15,5",13
63375,Valentim da Fonseca Félix Rebelo,"12,5","12,5",13,13
62836,Guilherme Ramos Bárbara Vasconcelos Pires,0,"12,36",13,13
62832,Francisco Xavier Fonseca Nunes,"14,1","14,1",11,13
60040,Gonçalo Mártires Lobo Ribeiro,"9,5","9,5",16,13
54398,Tomás Maria Moreira Simas Faria Miranda,0,"11,78",14,13
62807,Gabriel Ferreira Correia,0,"11,9",13,13
63409,Tiago Alexandre Pires Guerra,0,"9,71",16,13
60156,Filipe José Branco Vargas,"11,2","11,2",14,13
63674,Guilherme Dinis Caldeira Mantas,0,"11,12",15,13
55767,Guilherme Simões Amado,0,"10,44",15,13
61091,Guilherme Francisco Baltazar Ameixa,0,"9,88",15,13
62697,Luís Tomas Emídio Martins,"12,2","12,2",13,13
60809,Vera Lúcia Carvalho de Oliveira,"6,6","9,75",17,13
59838,Diogo Lopes Raimundo,"9,5","9,5",17,13
59932,David Karenovich Ter - Khachaturyan,0,"12,34",13,13
61037,Maria Francisca Talone de Abrantes e Oliveira Ricou,"14,5","14,5","9,5",12
61842,Nicolas Figueiredo Bernardes,0,"11,33","13,2",12
59926,Daniel Ângelo da Costa Chima,0,"9,5",15,12
62602,Alexandra Rodrigues de Oliveira,0,"10,5",14,12
62683,Lucas Raulino Pereira,"9,5","9,5",15,12
62695,Francisco Luis Ribeiro,0,"11,51",12,12
63828,Lucas Deda de Andrade,0,"11,54",13,12
62908,José Manuel Bilo Cavaco,0,"10,3",14,12
54540,Tomás Furtado Margaça Oliveira da Silva,0,"10,9","12,5",12
60992,Diogo Pinto Moreira Silveirinha Canané,0,"9,5",15,12
58273,Sara Filipa da Silva Marques,0,"12,23",11,12
62869,Guilherme Bernardo Bento,0,"9,9",14,12
60495,Pedro Miguel Reis Lopes da Luz Peres,0,"9,5",14,12
63408,Tiago Tremoulet Dias Jeronimo,0,"11,04",12,12
60409,Pedro Silva Marques,0,"11,54",13,12
60553,Pedro Alexandre Marques Duarte,0,10,14,12
60415,Moacir Lacerda Diniz Filho,"9,5","9,5",14,12
63426,Tomás Maria Câncio Reis Monteiro Fernandes,0,"11,34",11,11
63261,Rafael Madail Loureiro Vilão Louro,"9,5","9,5",13,11
62400,Catarina Mendes Ávila,0,"9,59",12,11
62709,João Pedro dos Reis Antunes,"12,2","12,2",10,11
62706,Gustavo Marinho Regala,"11,3","11,3",10,11
60272,Gonçalo Filipe Mendes dos Santos,0,"12,67",10,11
63276,David Perdigão Casa Branca,0,"9,5",12,11
63141,Arda Gerçeker,0,"9,5",12,11
57922,Nuno José Lourenço Brandão Rodrigues,"9,5","9,5","12,5",11
62967,Ricardo Jorge Fevereiro Justo,0,"10,3","11,3",11
63019,Miguel Rato Lobato Rodrigues,0,"11,29",11,11
62669,Inês Camacho Monteiro,"9,5","9,5",11,10
60539,Miguel Nuno Lopes Franco,0,"9,73",11,10
57493,Carlota Baptista Fole,0,"9,5",10,10
59814,António Morcela Vicente,"9,5","9,5","9,5",10
63722,Fernando Manuel Guerreiro Graça,"9,5","9,5",11,10
60208,Francisco José Duarte Borges,0,"9,86",10,10
62625,Gonçalo Miguel Brites Nunes Coelho,"9,5","9,5",10,10
63064,Miguel Rodrigues Ferreira,0,"10,39",10,10
62422,Duarte Manuel Nunes Esguedelhado,0,"10,61","9,5",10
62885,Lourenço Boaventura Coelho,"9,5","9,5",11,10
60172,João Pedro Ceia da Silva Rosa Cardoso,0,"9,79",11,10
60921,Diana Maria de Sá Rego,"9,5","9,5","9,5",10
63167,Rafael Silva Tiago,0,"9,57",11,10
62907,Iúri Alexandre Lopes Moças,0,"9,5","9,5",10
61680,Pedro Daniel Marques Gabriel,0,"9,5","9,5",10
58274,Daniel Pereira de Almeida,0,"9,5",10,10
62910,João Afonso Madeira Feija,"7,4","7,4",12,0
60392,Pedro Henrique Vicente Mirão,"13,7",0,0,0
62873,Guilherme Lança Rodrigues Mendonça,0,"3,16",0,0
62972,Manuel Esteves Candeias,0,0,FD,0
63424,Xavier Miranda de Oliveira Boucherie Mendes,0,0,0,0
62970,Nuno de Santiago Vieira dos Reis,"6,8","6,8",0,0
62875,Lucas da Mota Lima Correia Ramos,0,0,0,0
62966,Rafael Martins Batista da Silva,"3,6","3,6",12,0
63850,Vasco Andrade Martins Neto,0,0,0,0
63849,Tomás Rafael da Silva Horta,0,0,0,0
63422,Simao Maravilhas Charrua,0,0,0,0
62912,Guilherme Alexandre da Costa Lopes Raposo,0,0,FD,0
63420,Tomás Simões Peneque,0,"8,66",13,0
63372,Tomás Soares Pratas,0,0,0,0
63399,Diogo Gonçalves do Nascimento,0,0,0,0
62891,Guilherme Aguiar Y Rosa Pereira Destapado,"5,7","5,7","11,5",0
62957,Pedro Manuel Correia Ribas,0,"2,2",0,0
62892,José Francisco da Costa Gonçalves,0,5,0,0
62956,Miguel Farias Monginho,0,0,0,0
63468,Tiago Pais Rodrigues França,0,"3,04",0,0
62940,Lourenço Tomás dos Anjos Rodrigues,3,3,10,0
63847,Dinis Gonçalves Rodrigues Tavares de Abreu,0,0,0,0
62975,Pedro Maricato Calvario,"4,4","6,6","10,4",0
63630,Iracema Djamila Tacanho Eusébio,"5,9","5,9",11,0
62983,Ricardo Miguel Farinha Salvador,0,0,0,0
62992,Miguel Filipe Gomes Teixeira Mestre,0,0,0,0
63147,Rita Mendes Reis de Assunção Ribeiro,0,0,0,0
63174,Rodrigo Fernandes de Brito,0,"6,91",12,0
63183,Rafael Afonso Sobral Santos Cercas,0,0,0,0
63313,Dinis Sousa Lopes Carmona,0,0,0,0
63188,Pedro Miguel Ribeiro dos Santos Piedade,"3,4","8,59","17,3",0
63195,Marta da Veiga Ferro Forjaz Pereira,0,0,FD,0
63202,Pedro Miguel Bernardes Sabino Gouveia de Figueiredo,0,0,0,0
63545,Pedro Soares,0,0,0,0
63209,Rodrigo Miguel da Silva Lemos,0,0,0,0
63617,Diogo Miguel Pereira da Silva,"5,1","5,1",15,0
63239,Madalena Soares Saraiva,"5,2","5,2",10,0
63255,Rodrigo Oliveira Delgado Sousa,0,0,0,0
62864,Guilherme da Costa Santos Salgueiro,0,"1,43",0,0
63310,Martim Dominguez Raposo da Fonte,0,0,0,0
63297,João Pedro Simões Fernandes,0,0,0,0
63526,Márcio Lenine Cardoso Pereira,"5,8","5,8",10,0
63476,Ana Catarina Jacob Moreira e Lopes Teixeira,0,0,0,0
63136,Rodrigo Duarte Gomes,"4,9","6,14","9,5",0
63354,Tiago Laforge Karim,0,0,0,0
62999,Miguel de Almeida Barbosa,0,0,0,0
63756,Tomás Do Carmo Apolinário,0,0,0,0
63663,Rafael Bom da Costa,0,0,0,0
63368,Tiago Capelo Monteiro,0,0,11,0
63075,Miguel Antão Marques Lopes,0,0,0,0
63089,Nuno Pacheco Leal,0,0,0,0
63352,Tiago Miguel Duarte Mendes,0,0,0,0
63718,David da Ponte Morgadinho Mendes,0,0,0,0
63345,Sílvio Miguel Franco Bártolo,0,0,0,0
63110,Núria Cebola Do Espírito Santo Soares,"8,7","8,7",12,0
63327,Tiago Luís Trindade de Campos Neves,0,0,0,0
63117,Rodrigo Augusto Galrito,0,"1,33",0,0
63124,Francisco da Silva Guerreiro,0,"3,09",12,0
63132,Ricardo Alexandre de Borges Bandeira e Matos Morgado,0,0,0,0
63036,Ricardo Nunes Pereira,"3,6","6,34",11,0
48707,Elvis Lenine Pereira Mendes,0,0,0,0
62859,Guilherme de Albuquerque Spencer,0,0,0,0
61691,Eliezer Nkruma Fernandes Calunga,0,0,0,0
60282,Frederico Pires Pereira,3,"6,01",11,0
60289,João Tomé Celeiro,0,0,0,0
60298,Francisco Figueiredo Nunes,0,0,0,0
60404,Miguel Fonseca Marques,0,0,0,0
60515,Martim Pereira Correia de Castro,"7,2","7,2",12,0
60566,Nuno Jose Dores Santos,0,0,0,0
60589,Rodrigo Filipe Araújo Brinca,0,0,0,0
60612,Manuel Bernardes Pimentel,"7,5","7,5",13,0
60672,Mónica Maciel Estevão,0,0,0,0
60675,Pedro Bento Ribeiro Correia,5,5,10,0
60707,Rafael Cordeiro Abegão,"3,1","3,1",10,0
60797,Samuel João Ribeiro Alves,"6,5","8,37","14,5",0
60932,Mirna Marine Varela Moreira Pereira,0,0,0,0
60935,Renato Xavier das Neves Sacramento,0,0,0,0
60936,Walker Conceição da Glória,0,0,0,0
60970,Andre Machado Fernandes,0,0,0,0
61024,João Paulo da Cunha Fernandes,0,0,0,0
61063,Pedro Miguel Marques Campos Costa,0,0,0,0
61343,Adriano Ricardo da Silva Fragoso,0,0,0,0
61357,Aline Maria Moura da Silva,0,0,0,0
61383,Nathan Martini de Mendonça,0,0,0,0
60132,Frederico Ribeiro Henriques,4,"4,84","9,5",0
60107,Joana Filipa Carvalheiro Varandas,0,0,14,0
60077,Guilherme José Carreira Mendes,0,"2,98",0,0
58283,Bernardo Miguel Cardoso Raposo,0,0,0,0
50930,Edmilson Carlos Semedo Gonçalves,0,0,0,0
51956,Patrícia Sofia Martins Afonso,0,0,0,0
54442,Afonso Filipe dos Santos Fernandes Marreiro,0,0,0,0
55567,Marco António Carvalheiro Vasconcelos,0,0,0,0
55852,João Nuno Mourão Livingston,0,0,0,0
57574,João Pedro Espanhol Nogueira,0,0,0,0
58113,Afonso Cruz Pires,0,"2,11",0,0
58220,Duarte Dias Consolado Matias Corregedor,0,0,0,0
58227,Pedro Miguel Marreiros Moreira Cruz de Barros,0,"1,49",0,0
58428,Kevin Aly,0,0,0,0
60050,Guilherme Várzea Caeiro,"3,6","3,6",12,0
58591,Gonçalo Kopke Ribeiro da Costa Mimoso,0,"7,33",0,0
58652,Afonso Tereso Fernandes,0,0,0,0
59155,Rui Filipe Duarte Simões,0,0,8,0
59159,Francisco Miguel Carreto Rocha Pacheco,"6,8","6,8",13,0
59188,Ilie Budu,0,0,0,0
59876,Alexandre Tomás Pereira Morais,"1,9","5,55",11,0
59892,Afonso Duarte Martins Teixeira,0,0,8,0
60016,Duarte Matos Rosado,0,0,0,0
60023,André Luis Amador Sérgio,0,0,0,0
61589,João André Silva Matias Pereira Rato,0,0,0,0
61807,Tomás André dos Santos Cardoso Margalho,0,0,0,0
62837,Gonçalo Gil Machado Costa,"6,3","6,3",12,0
62060,Hugo Miguel Machado Barata,0,0,0,0
50228,Duarte Nuno Do Couto Zagallo de Sousa Ferreira,0,0,0,0
62645,João Rafael Pereira Valente,0,0,0,0
62653,Gonçalo Manuel Girante Lopes,"7,7","7,7",12,0
62657,Guilherme Luís Leitão Caria,0,0,0,0
62658,Gonçalo Brás Duarte,0,0,17,0
62666,João Miguel Carneiro Miranda,"5,5","5,5",10,0
62678,Leonardo Almeida Teixeira,"4,9","8,32",12,0
62700,Guilherme Casal Sardinha,0,"2,96","11,2",0
62710,João Pedro Conceição Brighton da Silva,"5,4","5,4",10,0
62729,Luis Wincenty Chrobok Raposo de Magalhães,0,0,0,0
62737,Gonçalo Gomes Carvalho,0,"4,82",0,0
62772,João Ricardo Ribeiro dos Santos,"7,2","8,54",10,0
62783,José Filipe Ferreira Caetano Bissaia Barreto,0,0,0,0
62787,João Tomás Vicente Furtado Barreiros,0,0,0,0
62792,Guilherme Baião Pires,0,0,10,0
62799,João Fonseca Filipe Rodrigues,0,0,0,0
62803,Gabriel Alexandre Ferreira Albuquerque Cardoso,0,0,0,0
62804,Francisco Vilhena Revez Lampreia Palma,0,0,0,0
62816,João Pedro Figueira Arocha Sá Oliveira,0,0,0,0
62824,Gonçalo Belchior Correia,0,0,0,0
62831,João Ramada Ferreira,0,0,0,0
62628,Luís Vieira de Resende Fogaça da Mata,"7,9","8,86","9,5",0
62620,Guilherme José Martins Lopes,0,"9,66",0,0
62587,Alexandre Ricardo Gomes Aguiar Costinha,"2,5","2,5",15,0
62446,Duarte Miguel Corraleira Pereira,0,0,10,0
62085,Tomás Gonçalves da Piedade Sanches Correia,"5,7","5,7",11,0
62088,Sílvia Maria Semedo Barbosa,0,0,0,0
62183,Pedro da Costa de Carvalho Pires,"4,5","4,5",11,0
62342,Carolina Filipa de Silveira Carreiro,0,0,0,0
62347,Afonso Marques Correia,0,0,0,0
62358,Diogo Filipe Baião Vilar,0,0,0,0
62419,Daniel Neves Fidalgo,"5,7","8,77",10,0
62421,Alexandre Revés Amaro,"2,6","6,12",11,0
62431,Bernardo Alexandre Silva Sebastiao,"7,4","7,4",13,0
62449,Afonso de Carvalho Nunes Santos Galrito,0,0,0,0
62575,Ana Filipa Ribeiro Baeta,0,0,0,0
62463,David Filipe Relvas Machado Amaral,0,0,0,0
62472,David Tavares Martins,"8,3","8,3",10,0
62493,Diogo Marques Martins,0,0,0,0
62498,Diogo Chainho Rocha da Cruz Pauleta,0,0,0,0
62501,Diogo Batista Ferreira,"7,6","7,6",12,0
62533,Diogo Ribeiro Gomes,"6,2","6,2",11,0
62538,Daniel Rodrigues Monteiro,0,0,0,0
62558,Duarte Nuno Godinho Hermano,0,"3,37",0,0
62560,Eduardo Silva Ribeiro,0,0,0,0
60841,Tomás Alexandre Gonçalves Diogo,"14,9",0,0,0
